Driver ID,Driver
1,No Driver
2,Ridwan Greaves
3,Efan Archer
4,Karol Woods
5,Amman Vega
6,Sol Porter
7,Nikola Weiss
8,Tierney Reynolds
9,Kenzie Macdonald
10,Anton Garza
11,Maheen Nicholls
12,Stevie Schofield
13,Asha Cruz
14,Yasin Buck
15,Ubaid Key
16,Idris Alston
17,Axel Hodges
18,Kailum Ellison
19,Arianne Rosa
20,Montell Winters
21,Arslan Cooley
22,Salahuddin Arellano
23,Frederick Watt
24,Marcel Wormald
25,Gino Boone
26,Nora Kerr
27,Kenny Todd
28,Kaan Markham
29,Percy Mcnamara
30,Kiah O'Connor
31,Riyad Harris
32,Kymani Sharples
